ts	phase	decision	why	evidence	result
2026-08-28T01:26:49Z	frame	scope the shell as 224 QML files, 211 Process blocks, 135 Timers; last commit already cut process churn	whole-repo rewrite would fight laziness; pick daemon-lifetime and hot-path gaps that make the shell feel like it just works	git show b3e265c0 --stat; Process/Timer counts	framed
2026-08-28T01:26:49Z	frame	predicate: tests pass, IPC fifo lives in XDG_RUNTIME_DIR, idle/sleep/loginlock monitors restart after clean death, clock uses SystemClock at minute precision, camera watcher has a restart cap	prove-it-works needs a checkable done, not vibes	tests/test_scripts.py plus source assertions	open
2026-08-28T01:26:49Z	design	skip architect/arena; units are mechanical and already have a local precedent (FprintdInterceptor Component, clipboard backoff)	laziness-protocol: second arena over a settled design is over-engineering	modules/services/FprintdInterceptor.qml:27	skipped arena
2026-08-28T01:30:54Z	harness	added TestJustWorksContracts source gates plus weather missing-tools run	encode the lesson in tests so the fifo path and daemon restart policy cannot silently regress	tests/test_scripts.py:TestJustWorksContracts	tests green except pre-existing keystore cryptography skip
2026-08-28T01:30:54Z	ipc	moved CLI fifo to XDG_RUNTIME_DIR, mode 600, cat-reopen loop, restart on any exit	a /tmp world-writable fifo plus restart-only-on-nonzero dies after a clean EOF, which drops ambxst+ run	cli.sh:295 modules/services/GlobalShortcuts.qml	tests green
2026-08-28T01:30:54Z	idle	loginlock and sleep_monitor steal a live lock instead of exit 0; IdleService restarts on clean death	exit 0 on a held lockfile plus QML restart-only-on-nonzero leaves lock-on-sleep dead after a reload race	scripts/loginlock.sh scripts/sleep_monitor.sh modules/services/IdleService.qml	tests green
2026-08-28T01:30:54Z	hotpath	SystemClock at minute precision, camera restart cap, IdleInhibitor argv, Component restoreFocus, clipboard reuse Process	Quickshell docs say Process-per-tick and createQmlObject churn the GUI thread; Noctalia 200ms poll was a battery cliff	Clock.qml CameraService.qml IdleInhibitor.qml AxctlService.qml ClipboardService.qml	tests green
2026-08-28T01:33:57Z	verify	script tests green; live packaged 1.1.5 shell not reloaded	prove-it-works on the real session would kill the user's running shell	python3 tests/test_scripts.py; pgrep quickshell 1.1.5	INCONCLUSIVE for live IPC
2026-08-28T01:35:53Z	follow-up	dropped Comment Sicko MUST KILL comments; shell.qml loads CameraService._syncRunning	update did not exist so serviceInitializer threw and skipped FprintdInterceptor	shell.qml:321 tests/test_scripts.py:test_camera_service_init_uses_sync_running	tests green for contracts
